Y,THROUGHPUT(Mbps),
20,2.161618e+01
30,1.470395e+01
40,9.561248e+00
50,0.000000e+00